{"xLDM8U6X5eC3+sM/7dTbTA==":"mbr-676x451.jpg","QHH92vZmlJWt2N/xao3Uxg==":"mbr-676x470.jpg","eCNb9SXWcqB6P78o8BucGA==":"mbr-676x507.jpg","3cr0zyvlFZ/4s3qhfnJhsA==":"mbr-1-676x507.jpg","U7dwOJ6upZx/hq3PJIsCPw==":"mbr-2-676x507.jpg","RnxpbCY8HtMHOVohF5+IgQ==":"mbr-3-676x507.jpg","kvKaoGObZ3p82ueQSjPBjw==":"mbr-1-676x470.jpg","MbBbwwGOJB+8kz/CmLWc0Q==":"mbr-2-676x470.jpg","L0CmtTTpFvh3Ry0m+n5Eeg==":"mbr-3-676x470.jpg","YFXFLvKTcapwcdkOHk4A8w==":"mbr-4-676x470.jpg","tIRFZ+rpCCG+C5d3/u8yYA==":"mbr-4-676x507.jpg","A9kCU6l+61RrcYqtyUfuWQ==":"img-1323-676x451.jpg","+mNntiE/RWhfR+CsYZv/sw==":"img-9067-676x451.jpg","RFDv4lGHhG0lou6wACk2Gw==":"img-809-676x451.jpg","EmvUNIkv8XYcO7BeNhoKVQ==":"frontis-tarde-1559x1559.jpg","0aIzbCcFGMnEXtBRJxlZdQ==":"img-9067-2000x1333.jpg","A4pcgV5oN2L1WgZCQazN2w==":"img-1323-2000x1333.jpg","Cyu+V9xDz21bQvCk6wHl/A==":"img-808-2000x1333.jpg"}