{"bqSjgWp1kz2iQt0rLVr1Ow==":"frontis-dia-1559x1247.jpg","/JsvUFa6axm81MkWHGvddg==":"img-350-676x451.jpg","B7Ct92pPSaR5i7qiwKgasg==":"img-1386-676x451.jpg","f7FQXa+3XyeQ6bZQ6M0gMQ==":"img-6108-676x451.jpg","SmKR7XDBhFYmnMbipA6eUw==":"img-349-2000x1333.jpg","oQtM/xWWfIC46RCrxs6W8w==":"img-1387-2000x1333.jpg","aKsUVkTpM5xuG/TM5pleoA==":"img-1388-2000x1333.jpg","NcLdgUaYRHpT/V3eDvE8Mg==":"img-350-2000x1333.jpg","6IBTA0YrESh+uc/k7J/edA==":"img-1384-2000x1333.jpg","69pkmueqaPwZ6oPLBETj4A==":"img-6109-676x451.jpg","RCewUi7l11R7Mu8l+Rpksg==":"img-6110-676x451.jpg","TYScnInEzDRJgMdhx3PxkA==":"img-6111-676x451.jpg","ghtic7Rn1EXmHXTneA9Pcg==":"img-6108-2000x1333.jpg"}